"Sector","Stock","First_Return_Date","Last_Return_Date","N_Returns","Expected_Market_Return_Dates","Market_Date_Coverage","Meets_95pct_Coverage","Zero_Return_Rate","Max_Zero_Return_Streak","Mean_Return","SD_Return","Min_Return","Max_Return","N_Extreme_Returns","Missing_Volume_Rate"
"Agriculture","Eaagads",2016-08-17,2026-07-31,912,2487,0.36670687575392,FALSE,0.328947368421053,7,0.000875244898708276,0.0400744816314737,-0.105360515657826,0.0953101798043249,0,0.0712719298245614
"Agriculture","Kakuzi",2016-09-13,2026-07-31,565,2487,0.227181342983514,FALSE,0.507964601769912,16,6.51015868797996e-06,0.0290707254668803,-0.103085201820691,0.0953101798043249,0,0.201769911504425
"Agriculture","Kapchorua Tea Kenya",2016-08-02,2026-07-31,708,2487,0.284680337756333,FALSE,0.180790960451977,9,0.00309296061645222,0.115516534628128,-0.704575876383568,0.78845736036427,10,0.077683615819209
"Agriculture","Limuru Tea",2017-02-10,2026-07-31,410,2487,0.164857257740249,FALSE,0.853658536585366,46,0.00101821811979207,0.0220117826873763,-0.117783035656384,0.153579087928301,0,0.497560975609756
"Agriculture","Sasini",2016-08-03,2026-07-31,2125,2487,0.854443104141536,FALSE,0.152,7,-8.61274913933838e-05,0.0312812873781221,-0.105155155763892,0.0953101798043249,0,0
"Agriculture","Williamson Tea Kenya",2016-08-02,2026-07-31,1697,2487,0.682348210695617,FALSE,0.221567472009428,6,-0.000997392623189983,0.0244026044579684,-0.238156343703395,0.123832913293269,0,0.0047142015321155
"Automobiles and Accessories","Car and General (Kenya)",2016-09-16,2026-07-31,932,2487,0.374748693204664,FALSE,0.240343347639485,9,0.00289978401980361,0.0483542887108731,-0.105360515657826,0.624154309072994,1,0.046137339055794
"Banking","Absa Bank Kenya",2016-08-02,2026-07-31,2484,2487,0.998793727382388,TRUE,0.206119162640902,6,0.000483791107930701,0.0153990785717579,-0.133531392624523,0.0858314358497812,0,0
"Banking","Co-operative Bank (Kenya)",2016-08-02,2026-07-31,2487,2487,1,TRUE,0.199034981905911,9,0.000426016061399218,0.016046063099991,-0.120901772869038,0.0960738300896222,0,0
"Banking","Diamond Trust Bank",2016-08-02,2026-07-31,2248,2487,0.903900281463611,FALSE,0.233540925266904,11,-8.68763700751603e-05,0.0187654349404066,-0.113077144618971,0.10146946016486,0,0
"Banking","Equity Group",2016-08-02,2026-07-31,2485,2487,0.999195818254926,TRUE,0.175452716297787,14,0.000337500799135051,0.0165744837909082,-0.104512698735487,0.087459305328586,0,0
"Banking","HF Group",2016-08-02,2026-07-31,2463,2487,0.990349819059107,TRUE,0.0986601705237515,4,-0.000117885247486869,0.0306599327836606,-0.103296531436975,0.122500025534522,0,0
"Banking","I&M Bank",2016-08-02,2026-07-31,2063,2487,0.82951347004423,FALSE,0.229277750848279,11,0.000477205211319289,0.0244106717306068,-0.130245158973704,0.508395488912699,1,0
"Banking","KCB Bank",2016-08-02,2026-07-31,2487,2487,1,TRUE,0.156011258544431,6,0.000397511617794039,0.0171743877516992,-0.105360515657826,0.0912914202094072,0,0
"Banking","NCBA Bank",2016-08-02,2026-07-31,2479,2487,0.996783273019702,TRUE,0.135538523598225,7,0.000519113369144517,0.0215757900559839,-0.105044009878954,0.280981675817799,0,0
"Banking","Stanbic Holdings",2016-08-02,2026-07-31,1988,2487,0.79935665460394,FALSE,0.232897384305835,7,0.000695523064422181,0.0222338543028238,-0.103832631479773,0.0937454091709738,0,0
"Banking","Standard Chartered Bank",2016-08-02,2026-07-31,2463,2487,0.990349819059107,TRUE,0.177425903369874,8,0.000235183376509577,0.0150079382371894,-0.105360515657826,0.121677680325114,0,0
"Commercial and Services","Eveready",2016-08-02,2026-07-31,2437,2487,0.97989545637314,TRUE,0.199425523184243,8,-0.000268352411606602,0.0406271277354971,-0.154150679827258,0.424157241120317,0,0
"Commercial and Services","Express Kenya",2016-08-02,2026-07-31,988,2487,0.397265782066747,FALSE,0.238866396761134,8,0.00235528177882046,0.0442308082908857,-0.105360515657826,0.0953101798043249,0,0.0182186234817814
"Commercial and Services","Kenya Airways",2016-08-02,2026-07-31,1356,2487,0.545235223160434,FALSE,0.103244837758112,5,-0.000232048778780536,0.0376791614384348,-0.248016816059349,0.161423439156338,0,0.000737463126843658
"Commercial and Services","Longhorn Publishers",2016-08-02,2026-07-31,2144,2487,0.862082830719743,FALSE,0.168376865671642,5,-0.000442686958858192,0.0361958233344909,-0.104917939859498,0.0953101798043249,0,0.00373134328358209
"Commercial and Services","Nairobi Business Ventures",2016-08-02,2026-07-31,2477,2487,0.995979091274628,TRUE,0.321760193782802,34,-0.000620868064387402,0.0563978953342558,-0.105360515657826,2.01396361230033,1,0
"Commercial and Services","Nation Media Group",2016-08-02,2026-07-31,2452,2487,0.985926819461198,TRUE,0.184339314845024,21,-0.000905373570501149,0.0260418534194029,-0.110207783251933,0.17601238760069,0,0
"Commercial and Services","Sameer Africa Ltd",2016-08-02,2026-07-31,2048,2487,0.823482106956172,FALSE,0.169921875,7,3.68504323120437e-06,0.0422905187985932,-0.105360515657826,0.0953101798043249,0,0.00048828125
"Commercial and Services","Standard Group Ltd",2016-08-11,2026-07-31,1233,2487,0.495778045838359,FALSE,0.229521492295215,6,-0.00124199109665586,0.0422675982648984,-0.105360515657826,0.0953101798043249,0,0.0227088402270884
"Commercial and Services","TPS Serena",2016-08-02,2026-07-31,1567,2487,0.630076397265782,FALSE,0.243777919591576,7,0.000118901752080825,0.0376947916314971,-0.105360515657826,0.0953101798043249,0,0.0108487555839183
"Commercial and Services","Uchumi Supermarkets",2016-08-02,2026-07-31,2429,2487,0.976678729392843,TRUE,0.362289007822149,15,-0.000404522599629271,0.0434840789024728,-0.105360515657826,0.0953101798043249,0,0
"Commercial and Services","WWP Scangroup",2016-08-02,2026-07-31,2400,2487,0.965018094089264,TRUE,0.118333333333333,7,-0.000949656679456641,0.0363406668964898,-0.575646910351508,0.538640311948868,2,0
"Construction and Allied","Crown Paints",2016-08-02,2026-07-31,1290,2487,0.518697225572979,FALSE,0.306976744186047,17,0.00151291016826527,0.0359253554424384,-0.105360515657826,0.462775926124282,0,0.0333333333333333
"Construction and Allied","East African Portland Cement",2016-08-02,2026-07-31,1043,2487,0.419380780056293,FALSE,0.232981783317354,7,0.000544463727135742,0.0466915992639599,-0.105360515657826,0.0953101798043249,0,0.0115052732502397
"Energy and Petroleum","KPLC",2016-08-02,2026-07-31,2485,2487,0.999195818254926,TRUE,0.183501006036217,8,0.000367797740594847,0.0255898869470052,-0.220338500386601,0.403558529837583,0,0
"Energy and Petroleum","KenGen",2016-08-02,2026-07-31,2487,2487,1,TRUE,0.218737434660233,11,0.000202293356522749,0.0214657518153279,-0.132489183046079,0.213574100298059,0,0.000402090872537193
"Energy and Petroleum","Total Energy",2016-08-02,2026-07-31,2220,2487,0.892641737032569,FALSE,0.141891891891892,7,0.000137355010704653,0.0284067795784521,-0.101610176410782,0.0953101798043249,0,0.000900900900900901
"Energy and Petroleum","Umeme",2016-08-02,2026-07-31,1801,2487,0.724165661439485,FALSE,0.204330927262632,48,-0.000682197514529897,0.0356810225531138,-0.268450710523893,0.443854997659807,0,0.0266518600777346
"Insurance","Britam Holdings",2016-08-02,2026-07-31,2485,2487,0.999195818254926,TRUE,0.122736418511066,6,0.000146769358891572,0.0252158494384154,-0.104533727681832,0.231111720963387,0,0
"Insurance","CIC Insurance Group",2016-08-02,2026-07-31,2487,2487,1,TRUE,0.163248894250101,6,7.74023971490565e-05,0.0253570753831229,-0.197418660075774,0.0943106794712412,0,0
"Insurance","JUBILEE HOLDINGS",2016-08-02,2026-07-31,2471,2487,0.993566546039405,TRUE,0.385673816268717,13,-9.32391505136695e-05,0.0207944073672823,-0.104624951078872,0.0953101798043249,0,0
"Insurance","Kenya Re",2016-08-02,2026-07-31,2487,2487,1,TRUE,0.241254523522316,10,0.000173785552533198,0.0237102286304945,-0.251314428280906,0.159630145591884,0,0
"Insurance","Liberty Kenya Holdings",2016-08-02,2026-07-31,2023,2487,0.813429835142742,FALSE,0.152249134948097,4,-0.000971339009604134,0.0368653855183118,-0.105360515657826,0.220742589776672,0,0.00197726149283243
"Insurance","Sanlam Kenya PLC",2016-08-04,2026-07-31,1462,2487,0.587856855649377,FALSE,0.203146374829001,7,0.000152557996455271,0.0412531648168136,-0.105404801656815,0.467985465089498,0,0.00341997264021888
"Investment","Centum",2016-08-02,2026-07-31,2485,2487,0.999195818254926,TRUE,0.148893360160966,7,-0.000414152723702533,0.0215321256633747,-0.217125478988647,0.0941872150597011,0,0
"Investment","Home Africa",2016-08-02,2026-07-31,2473,2487,0.994370727784479,TRUE,0.332794177112818,12,-0.000214688113570802,0.0394593925418875,-0.105360515657826,0.0973741640251764,0,0
"Investment","Olympia",2016-08-02,2026-07-31,1672,2487,0.672295938882187,FALSE,0.244019138755981,21,0.00138472967270827,0.0445324325133135,-0.105360515657826,0.346870943842112,0,0.0119617224880383
"Investment Services","Nairobi Securities Exchange",2016-08-02,2026-07-31,2463,2487,0.990349819059107,TRUE,0.129922858302883,5,0.000154288159154292,0.024684233308974,-0.0953101798043248,0.0946332080984525,0,0
"Manufacturing and Allied","Africa Mega Agricorp",2017-12-13,2026-07-31,416,2487,0.167269802975472,FALSE,0.697115384615385,45,-0.000314030641563212,0.0921237990547332,-1.76766191764899,0.0953101798043249,1,0.463942307692308
"Manufacturing and Allied","BAT Kenya",2016-08-02,2026-07-31,1896,2487,0.762364294330519,FALSE,0.194092827004219,6,-0.000122838657520057,0.0165263806124496,-0.120290873961347,0.0974269105050937,0,0
"Manufacturing and Allied","BOC Kenya",2016-08-03,2026-07-31,800,2487,0.321672698029755,FALSE,0.32375,9,0.00136084946689959,0.0330664064386266,-0.105360515657826,0.10204925435417,0,0.0825
"Manufacturing and Allied","Carbacid Investments Ltd",2016-08-02,2026-07-31,2327,2487,0.935665460394049,FALSE,0.171895143962183,7,0.00028114224315458,0.0247191906620109,-0.112740622955449,0.0953101798043249,0,0
"Manufacturing and Allied","East African Breweries",2016-08-02,2026-07-31,2477,2487,0.995979091274628,TRUE,0.146144529672992,7,-1.29953939116191e-05,0.0185387350838147,-0.123613955967177,0.208544751893057,0,0
"Manufacturing and Allied","Flame Tree Group",2016-08-02,2026-07-31,2167,2487,0.871330920788098,FALSE,0.208121827411168,10,-0.00109292000206066,0.0396900721000483,-0.10848064299407,0.180436542098183,0,0
"Manufacturing and Allied","Unga Group",2016-08-02,2026-07-31,1151,2487,0.46280659429031,FALSE,0.20503909643788,5,-0.00097702600925891,0.0377160806660233,-0.105360515657826,0.0953101798043249,0,0.0139009556907037
"Telecommunication and Technology","Safaricom PLC",2016-08-02,2026-07-31,2487,2487,1,TRUE,0.154402895054282,9,0.000254137191201914,0.0170221032891914,-0.103849941352459,0.0953101798043249,0,0
